ticker,fiscal_year,ratio,value,formula_version,source
AMV,2022,gross_margin,0.29275757,ratio_v1,derived_from_golden_financials
AMV,2022,net_margin,0.19804841,ratio_v1,derived_from_golden_financials
AMV,2022,roe_simple,0.03364365,ratio_v1,derived_from_golden_financials
AMV,2022,asset_turnover,0.14228615,ratio_v1,derived_from_golden_financials
AMV,2022,current_ratio,7.85635205,ratio_v1,derived_from_golden_financials
AMV,2022,debt_to_equity,0.10169417,ratio_v1,derived_from_golden_financials
AMV,2022,net_debt_to_equity,0.0581283,ratio_v1,derived_from_golden_financials
AMV,2022,cfo_margin,-1.240605,ratio_v1,derived_from_golden_financials
AMV,2022,capex_to_revenue_abs,0.01353629,ratio_v1,derived_from_golden_financials
AMV,2023,gross_margin,0.25228784,ratio_v1,derived_from_golden_financials
AMV,2023,net_margin,0.07046122,ratio_v1,derived_from_golden_financials
AMV,2023,roe_simple,0.0081952,ratio_v1,derived_from_golden_financials
AMV,2023,asset_turnover,0.0996342,ratio_v1,derived_from_golden_financials
AMV,2023,current_ratio,10.20750582,ratio_v1,derived_from_golden_financials
AMV,2023,debt_to_equity,0.09867135,ratio_v1,derived_from_golden_financials
AMV,2023,net_debt_to_equity,0.04905644,ratio_v1,derived_from_golden_financials
AMV,2023,cfo_margin,-0.70131872,ratio_v1,derived_from_golden_financials
AMV,2023,capex_to_revenue_abs,0.03527499,ratio_v1,derived_from_golden_financials
AMV,2024,gross_margin,0.10072807,ratio_v1,derived_from_golden_financials
AMV,2024,net_margin,-0.04209765,ratio_v1,derived_from_golden_financials
AMV,2024,roe_simple,-0.0078108,ratio_v1,derived_from_golden_financials
AMV,2024,asset_turnover,0.15869715,ratio_v1,derived_from_golden_financials
AMV,2024,current_ratio,6.09824096,ratio_v1,derived_from_golden_financials
AMV,2024,debt_to_equity,0.09243988,ratio_v1,derived_from_golden_financials
AMV,2024,net_debt_to_equity,0.08269971,ratio_v1,derived_from_golden_financials
AMV,2024,cfo_margin,2.17462513,ratio_v1,derived_from_golden_financials
AMV,2024,capex_to_revenue_abs,0.14942672,ratio_v1,derived_from_golden_financials
AMV,2025,gross_margin,0.14082246,ratio_v1,derived_from_golden_financials
AMV,2025,net_margin,-0.35376734,ratio_v1,derived_from_golden_financials
AMV,2025,roe_simple,-0.03365714,ratio_v1,derived_from_golden_financials
AMV,2025,asset_turnover,0.08084258,ratio_v1,derived_from_golden_financials
AMV,2025,current_ratio,4.19311864,ratio_v1,derived_from_golden_financials
AMV,2025,debt_to_equity,0.0923971,ratio_v1,derived_from_golden_financials
AMV,2025,net_debt_to_equity,0.08925824,ratio_v1,derived_from_golden_financials
AMV,2025,cfo_margin,1.67974912,ratio_v1,derived_from_golden_financials
AMV,2025,capex_to_revenue_abs,0.07897168,ratio_v1,derived_from_golden_financials
DBD,2022,gross_margin,0.49372336,ratio_v1,derived_from_golden_financials
DBD,2022,net_margin,0.15664507,ratio_v1,derived_from_golden_financials
DBD,2022,roe_simple,0.17972729,ratio_v1,derived_from_golden_financials
DBD,2022,asset_turnover,0.82017586,ratio_v1,derived_from_golden_financials
DBD,2022,current_ratio,3.07748777,ratio_v1,derived_from_golden_financials
DBD,2022,debt_to_equity,0.05608289,ratio_v1,derived_from_golden_financials
DBD,2022,net_debt_to_equity,-0.14828987,ratio_v1,derived_from_golden_financials
DBD,2022,cfo_margin,0.10612922,ratio_v1,derived_from_golden_financials
DBD,2022,capex_to_revenue_abs,0.05327144,ratio_v1,derived_from_golden_financials
DBD,2023,gross_margin,0.48343308,ratio_v1,derived_from_golden_financials
DBD,2023,net_margin,0.16288886,ratio_v1,derived_from_golden_financials
DBD,2023,roe_simple,0.18777713,ratio_v1,derived_from_golden_financials
DBD,2023,asset_turnover,0.83049015,ratio_v1,derived_from_golden_financials
DBD,2023,current_ratio,3.01607149,ratio_v1,derived_from_golden_financials
DBD,2023,debt_to_equity,0.05532162,ratio_v1,derived_from_golden_financials
DBD,2023,net_debt_to_equity,-0.16035588,ratio_v1,derived_from_golden_financials
DBD,2023,cfo_margin,0.17094173,ratio_v1,derived_from_golden_financials
DBD,2023,capex_to_revenue_abs,0.0809396,ratio_v1,derived_from_golden_financials
DBD,2024,gross_margin,0.48193918,ratio_v1,derived_from_golden_financials
DBD,2024,net_margin,0.15929044,ratio_v1,derived_from_golden_financials
DBD,2024,roe_simple,0.16565841,ratio_v1,derived_from_golden_financials
DBD,2024,asset_turnover,0.76298181,ratio_v1,derived_from_golden_financials
DBD,2024,current_ratio,3.20822735,ratio_v1,derived_from_golden_financials
DBD,2024,debt_to_equity,0.03847567,ratio_v1,derived_from_golden_financials
DBD,2024,net_debt_to_equity,-0.22557172,ratio_v1,derived_from_golden_financials
DBD,2024,cfo_margin,0.15324044,ratio_v1,derived_from_golden_financials
DBD,2024,capex_to_revenue_abs,0.08610187,ratio_v1,derived_from_golden_financials
DBD,2025,gross_margin,0.47410125,ratio_v1,derived_from_golden_financials
DBD,2025,net_margin,0.15650443,ratio_v1,derived_from_golden_financials
DBD,2025,roe_simple,0.16817034,ratio_v1,derived_from_golden_financials
DBD,2025,asset_turnover,0.71850001,ratio_v1,derived_from_golden_financials
DBD,2025,current_ratio,2.51847185,ratio_v1,derived_from_golden_financials
DBD,2025,debt_to_equity,0.1009314,ratio_v1,derived_from_golden_financials
DBD,2025,net_debt_to_equity,-0.25159883,ratio_v1,derived_from_golden_financials
DBD,2025,cfo_margin,0.32979205,ratio_v1,derived_from_golden_financials
DBD,2025,capex_to_revenue_abs,0.21902954,ratio_v1,derived_from_golden_financials
DCL,2022,gross_margin,0.27774379,ratio_v1,derived_from_golden_financials
DCL,2022,net_margin,0.1111702,ratio_v1,derived_from_golden_financials
DCL,2022,roe_simple,0.08113632,ratio_v1,derived_from_golden_financials
DCL,2022,asset_turnover,0.48243693,ratio_v1,derived_from_golden_financials
DCL,2022,current_ratio,2.56691574,ratio_v1,derived_from_golden_financials
DCL,2022,debt_to_equity,0.36905036,ratio_v1,derived_from_golden_financials
DCL,2022,net_debt_to_equity,0.15251233,ratio_v1,derived_from_golden_financials
DCL,2022,cfo_margin,-0.44312044,ratio_v1,derived_from_golden_financials
DCL,2022,capex_to_revenue_abs,0.22942973,ratio_v1,derived_from_golden_financials
DCL,2023,gross_margin,0.18349978,ratio_v1,derived_from_golden_financials
DCL,2023,net_margin,0.0543158,ratio_v1,derived_from_golden_financials
DCL,2023,roe_simple,0.0428279,ratio_v1,derived_from_golden_financials
DCL,2023,asset_turnover,0.50229047,ratio_v1,derived_from_golden_financials
DCL,2023,current_ratio,2.27015271,ratio_v1,derived_from_golden_financials
DCL,2023,debt_to_equity,0.43474881,ratio_v1,derived_from_golden_financials
DCL,2023,net_debt_to_equity,0.27782341,ratio_v1,derived_from_golden_financials
DCL,2023,cfo_margin,0.01969534,ratio_v1,derived_from_golden_financials
DCL,2023,capex_to_revenue_abs,0.19482869,ratio_v1,derived_from_golden_financials
DCL,2024,gross_margin,0.15664554,ratio_v1,derived_from_golden_financials
DCL,2024,net_margin,0.04143374,ratio_v1,derived_from_golden_financials
DCL,2024,roe_simple,0.03602032,ratio_v1,derived_from_golden_financials
DCL,2024,asset_turnover,0.53907544,ratio_v1,derived_from_golden_financials
DCL,2024,current_ratio,2.18632862,ratio_v1,derived_from_golden_financials
DCL,2024,debt_to_equity,0.50215971,ratio_v1,derived_from_golden_financials
DCL,2024,net_debt_to_equity,0.32529361,ratio_v1,derived_from_golden_financials
DCL,2024,cfo_margin,0.05342293,ratio_v1,derived_from_golden_financials
DCL,2024,capex_to_revenue_abs,0.13226967,ratio_v1,derived_from_golden_financials
DCL,2025,gross_margin,0.15454411,ratio_v1,derived_from_golden_financials
DCL,2025,net_margin,0.01520231,ratio_v1,derived_from_golden_financials
DCL,2025,roe_simple,0.01320674,ratio_v1,derived_from_golden_financials
DCL,2025,asset_turnover,0.54461265,ratio_v1,derived_from_golden_financials
DCL,2025,current_ratio,2.03135264,ratio_v1,derived_from_golden_financials
DCL,2025,debt_to_equity,0.51169591,ratio_v1,derived_from_golden_financials
DCL,2025,net_debt_to_equity,0.34457847,ratio_v1,derived_from_golden_financials
DCL,2025,cfo_margin,0.03616146,ratio_v1,derived_from_golden_financials
DCL,2025,capex_to_revenue_abs,0.0666165,ratio_v1,derived_from_golden_financials
DHG,2022,gross_margin,0.4827817,ratio_v1,derived_from_golden_financials
DHG,2022,net_margin,0.21138821,ratio_v1,derived_from_golden_financials
DHG,2022,roe_simple,0.23032649,ratio_v1,derived_from_golden_financials
DHG,2022,asset_turnover,0.90476921,ratio_v1,derived_from_golden_financials
DHG,2022,current_ratio,5.1984985,ratio_v1,derived_from_golden_financials
DHG,2022,debt_to_equity,0.02673248,ratio_v1,derived_from_golden_financials
DHG,2022,net_debt_to_equity,-0.5299487,ratio_v1,derived_from_golden_financials
DHG,2022,cfo_margin,0.19274626,ratio_v1,derived_from_golden_financials
DHG,2022,capex_to_revenue_abs,0.05004081,ratio_v1,derived_from_golden_financials
DHG,2023,gross_margin,0.46727028,ratio_v1,derived_from_golden_financials
DHG,2023,net_margin,0.20948752,ratio_v1,derived_from_golden_financials
DHG,2023,roe_simple,0.21650047,ratio_v1,derived_from_golden_financials
DHG,2023,asset_turnover,0.82078655,ratio_v1,derived_from_golden_financials
DHG,2023,current_ratio,3.90348893,ratio_v1,derived_from_golden_financials
DHG,2023,debt_to_equity,0.11790073,ratio_v1,derived_from_golden_financials
DHG,2023,net_debt_to_equity,-0.36101238,ratio_v1,derived_from_golden_financials
DHG,2023,cfo_margin,0.0478868,ratio_v1,derived_from_golden_financials
DHG,2023,capex_to_revenue_abs,0.09696994,ratio_v1,derived_from_golden_financials
DHG,2024,gross_margin,0.43763031,ratio_v1,derived_from_golden_financials
DHG,2024,net_margin,0.15885497,ratio_v1,derived_from_golden_financials
DHG,2024,roe_simple,0.18950718,ratio_v1,derived_from_golden_financials
DHG,2024,asset_turnover,0.81971274,ratio_v1,derived_from_golden_financials
DHG,2024,current_ratio,2.57164864,ratio_v1,derived_from_golden_financials
DHG,2024,debt_to_equity,0.15871863,ratio_v1,derived_from_golden_financials
DHG,2024,net_debt_to_equity,-0.52700188,ratio_v1,derived_from_golden_financials
DHG,2024,cfo_margin,0.26972755,ratio_v1,derived_from_golden_financials
DHG,2024,capex_to_revenue_abs,0.01815908,ratio_v1,derived_from_golden_financials
DHG,2025,gross_margin,0.77251369,ratio_v1,derived_from_golden_financials
DHG,2025,net_margin,0.15158783,ratio_v1,derived_from_golden_financials
DHG,2025,roe_simple,0.20601873,ratio_v1,derived_from_golden_financials
DHG,2025,asset_turnover,1.08677399,ratio_v1,derived_from_golden_financials
DHG,2025,current_ratio,4.02584995,ratio_v1,derived_from_golden_financials
DHG,2025,debt_to_equity,0.00155745,ratio_v1,derived_from_golden_financials
DHG,2025,net_debt_to_equity,-0.51905111,ratio_v1,derived_from_golden_financials
DHG,2025,cfo_margin,0.21572154,ratio_v1,derived_from_golden_financials
DHG,2025,capex_to_revenue_abs,0.00553749,ratio_v1,derived_from_golden_financials
DMC,2022,gross_margin,0.28434801,ratio_v1,derived_from_golden_financials
DMC,2022,net_margin,0.12561845,ratio_v1,derived_from_golden_financials
DMC,2022,roe_simple,0.13708422,ratio_v1,derived_from_golden_financials
DMC,2022,asset_turnover,0.86656505,ratio_v1,derived_from_golden_financials
DMC,2022,current_ratio,4.22545995,ratio_v1,derived_from_golden_financials
DMC,2022,debt_to_equity,0.0,ratio_v1,derived_from_golden_financials
DMC,2022,net_debt_to_equity,-0.31001061,ratio_v1,derived_from_golden_financials
DMC,2022,cfo_margin,0.17183694,ratio_v1,derived_from_golden_financials
DMC,2022,capex_to_revenue_abs,0.00663342,ratio_v1,derived_from_golden_financials
DMC,2023,gross_margin,0.21645939,ratio_v1,derived_from_golden_financials
DMC,2023,net_margin,0.10664885,ratio_v1,derived_from_golden_financials
DMC,2023,roe_simple,0.12057295,ratio_v1,derived_from_golden_financials
DMC,2023,asset_turnover,0.92962566,ratio_v1,derived_from_golden_financials
DMC,2023,current_ratio,5.0917245,ratio_v1,derived_from_golden_financials
DMC,2023,debt_to_equity,0.0,ratio_v1,derived_from_golden_financials
DMC,2023,net_debt_to_equity,-0.38758731,ratio_v1,derived_from_golden_financials
DMC,2023,cfo_margin,0.08662582,ratio_v1,derived_from_golden_financials
DMC,2023,capex_to_revenue_abs,0.00424731,ratio_v1,derived_from_golden_financials
DMC,2024,gross_margin,0.21979279,ratio_v1,derived_from_golden_financials
DMC,2024,net_margin,0.10671991,ratio_v1,derived_from_golden_financials
DMC,2024,roe_simple,0.12570426,ratio_v1,derived_from_golden_financials
DMC,2024,asset_turnover,1.03195308,ratio_v1,derived_from_golden_financials
DMC,2024,current_ratio,6.71069862,ratio_v1,derived_from_golden_financials
DMC,2024,debt_to_equity,0.0,ratio_v1,derived_from_golden_financials
DMC,2024,net_debt_to_equity,-0.25036607,ratio_v1,derived_from_golden_financials
DMC,2024,cfo_margin,0.0082588,ratio_v1,derived_from_golden_financials
DMC,2024,capex_to_revenue_abs,0.02190767,ratio_v1,derived_from_golden_financials
DMC,2025,gross_margin,0.19789335,ratio_v1,derived_from_golden_financials
DMC,2025,net_margin,0.09596868,ratio_v1,derived_from_golden_financials
DMC,2025,roe_simple,0.11751743,ratio_v1,derived_from_golden_financials
DMC,2025,asset_turnover,1.07908942,ratio_v1,derived_from_golden_financials
DMC,2025,current_ratio,7.4674053,ratio_v1,derived_from_golden_financials
DMC,2025,debt_to_equity,0.0,ratio_v1,derived_from_golden_financials
DMC,2025,net_debt_to_equity,-0.33575906,ratio_v1,derived_from_golden_financials
DMC,2025,cfo_margin,0.07805005,ratio_v1,derived_from_golden_financials
DMC,2025,capex_to_revenue_abs,0.01775098,ratio_v1,derived_from_golden_financials
DP1,2022,gross_margin,0.13601546,ratio_v1,derived_from_golden_financials
DP1,2022,net_margin,0.02337987,ratio_v1,derived_from_golden_financials
DP1,2022,roe_simple,0.18606744,ratio_v1,derived_from_golden_financials
DP1,2022,asset_turnover,1.86171537,ratio_v1,derived_from_golden_financials
DP1,2022,current_ratio,1.12921895,ratio_v1,derived_from_golden_financials
DP1,2022,debt_to_equity,1.03870366,ratio_v1,derived_from_golden_financials
DP1,2022,net_debt_to_equity,0.9326031,ratio_v1,derived_from_golden_financials
DP1,2022,cfo_margin,0.07112857,ratio_v1,derived_from_golden_financials
DP1,2022,capex_to_revenue_abs,0.00283764,ratio_v1,derived_from_golden_financials
DP1,2023,gross_margin,0.15872913,ratio_v1,derived_from_golden_financials
DP1,2023,net_margin,0.04769947,ratio_v1,derived_from_golden_financials
DP1,2023,roe_simple,0.22488627,ratio_v1,derived_from_golden_financials
DP1,2023,asset_turnover,1.67951258,ratio_v1,derived_from_golden_financials
DP1,2023,current_ratio,1.36556462,ratio_v1,derived_from_golden_financials
DP1,2023,debt_to_equity,0.7317346,ratio_v1,derived_from_golden_financials
DP1,2023,net_debt_to_equity,0.67079382,ratio_v1,derived_from_golden_financials
DP1,2023,cfo_margin,-0.01005923,ratio_v1,derived_from_golden_financials
DP1,2023,capex_to_revenue_abs,0.00170972,ratio_v1,derived_from_golden_financials
DP1,2024,gross_margin,0.1535865,ratio_v1,derived_from_golden_financials
DP1,2024,net_margin,0.05615664,ratio_v1,derived_from_golden_financials
DP1,2024,roe_simple,0.22238886,ratio_v1,derived_from_golden_financials
DP1,2024,asset_turnover,1.45402025,ratio_v1,derived_from_golden_financials
DP1,2024,current_ratio,1.41013076,ratio_v1,derived_from_golden_financials
DP1,2024,debt_to_equity,0.65732956,ratio_v1,derived_from_golden_financials
DP1,2024,net_debt_to_equity,0.6387431,ratio_v1,derived_from_golden_financials
DP1,2024,cfo_margin,0.00694947,ratio_v1,derived_from_golden_financials
DP1,2024,capex_to_revenue_abs,0.0003635,ratio_v1,derived_from_golden_financials
DP1,2025,gross_margin,0.13532191,ratio_v1,derived_from_golden_financials
DP1,2025,net_margin,0.05297963,ratio_v1,derived_from_golden_financials
DP1,2025,roe_simple,0.19177171,ratio_v1,derived_from_golden_financials
DP1,2025,asset_turnover,1.10708071,ratio_v1,derived_from_golden_financials
DP1,2025,current_ratio,1.3191457,ratio_v1,derived_from_golden_financials
DP1,2025,debt_to_equity,1.03595891,ratio_v1,derived_from_golden_financials
DP1,2025,net_debt_to_equity,0.8821447,ratio_v1,derived_from_golden_financials
DP1,2025,cfo_margin,-0.06670414,ratio_v1,derived_from_golden_financials
DP1,2025,capex_to_revenue_abs,0.00463524,ratio_v1,derived_from_golden_financials
DP3,2022,gross_margin,0.69379868,ratio_v1,derived_from_golden_financials
DP3,2022,net_margin,0.22434926,ratio_v1,derived_from_golden_financials
DP3,2022,roe_simple,0.26068806,ratio_v1,derived_from_golden_financials
DP3,2022,asset_turnover,0.95510275,ratio_v1,derived_from_golden_financials
DP3,2022,current_ratio,3.43057587,ratio_v1,derived_from_golden_financials
DP3,2022,debt_to_equity,0.01252845,ratio_v1,derived_from_golden_financials
DP3,2022,net_debt_to_equity,-0.48210295,ratio_v1,derived_from_golden_financials
DP3,2022,cfo_margin,0.22055573,ratio_v1,derived_from_golden_financials
DP3,2022,capex_to_revenue_abs,0.04618581,ratio_v1,derived_from_golden_financials
DP3,2023,gross_margin,0.68704329,ratio_v1,derived_from_golden_financials
DP3,2023,net_margin,0.30572113,ratio_v1,derived_from_golden_financials
DP3,2023,roe_simple,0.26738706,ratio_v1,derived_from_golden_financials
DP3,2023,asset_turnover,0.71803683,ratio_v1,derived_from_golden_financials
DP3,2023,current_ratio,3.79278465,ratio_v1,derived_from_golden_financials
DP3,2023,debt_to_equity,0.01659651,ratio_v1,derived_from_golden_financials
DP3,2023,net_debt_to_equity,-0.63739105,ratio_v1,derived_from_golden_financials
DP3,2023,cfo_margin,0.36314092,ratio_v1,derived_from_golden_financials
DP3,2023,capex_to_revenue_abs,0.01097923,ratio_v1,derived_from_golden_financials
DP3,2024,gross_margin,0.66122984,ratio_v1,derived_from_golden_financials
DP3,2024,net_margin,0.29024145,ratio_v1,derived_from_golden_financials
DP3,2024,roe_simple,0.23352493,ratio_v1,derived_from_golden_financials
DP3,2024,asset_turnover,0.68690595,ratio_v1,derived_from_golden_financials
DP3,2024,current_ratio,4.87452735,ratio_v1,derived_from_golden_financials
DP3,2024,debt_to_equity,0.0,ratio_v1,derived_from_golden_financials
DP3,2024,net_debt_to_equity,-0.65851923,ratio_v1,derived_from_golden_financials
DP3,2024,cfo_margin,0.22016887,ratio_v1,derived_from_golden_financials
DP3,2024,capex_to_revenue_abs,0.00350898,ratio_v1,derived_from_golden_financials
DP3,2025,gross_margin,0.65668993,ratio_v1,derived_from_golden_financials
DP3,2025,net_margin,0.35639136,ratio_v1,derived_from_golden_financials
DP3,2025,roe_simple,0.25566759,ratio_v1,derived_from_golden_financials
DP3,2025,asset_turnover,0.57920246,ratio_v1,derived_from_golden_financials
DP3,2025,current_ratio,4.03448,ratio_v1,derived_from_golden_financials
DP3,2025,debt_to_equity,0.05614327,ratio_v1,derived_from_golden_financials
DP3,2025,net_debt_to_equity,-0.72272578,ratio_v1,derived_from_golden_financials
DP3,2025,cfo_margin,0.34596419,ratio_v1,derived_from_golden_financials
DP3,2025,capex_to_revenue_abs,0.0173281,ratio_v1,derived_from_golden_financials
DVN,2022,gross_margin,0.09818521,ratio_v1,derived_from_golden_financials
DVN,2022,net_margin,0.01992075,ratio_v1,derived_from_golden_financials
DVN,2022,roe_simple,0.03991022,ratio_v1,derived_from_golden_financials
DVN,2022,asset_turnover,0.95890646,ratio_v1,derived_from_golden_financials
DVN,2022,current_ratio,1.2785312,ratio_v1,derived_from_golden_financials
DVN,2022,debt_to_equity,0.37032924,ratio_v1,derived_from_golden_financials
DVN,2022,net_debt_to_equity,0.11070221,ratio_v1,derived_from_golden_financials
DVN,2022,cfo_margin,0.03675405,ratio_v1,derived_from_golden_financials
DVN,2022,capex_to_revenue_abs,0.00298572,ratio_v1,derived_from_golden_financials
DVN,2023,gross_margin,0.10518304,ratio_v1,derived_from_golden_financials
DVN,2023,net_margin,0.06757475,ratio_v1,derived_from_golden_financials
DVN,2023,roe_simple,0.1165579,ratio_v1,derived_from_golden_financials
DVN,2023,asset_turnover,0.89646663,ratio_v1,derived_from_golden_financials
DVN,2023,current_ratio,1.44388615,ratio_v1,derived_from_golden_financials
DVN,2023,debt_to_equity,0.36064891,ratio_v1,derived_from_golden_financials
DVN,2023,net_debt_to_equity,0.04319064,ratio_v1,derived_from_golden_financials
DVN,2023,cfo_margin,-0.01984074,ratio_v1,derived_from_golden_financials
DVN,2023,capex_to_revenue_abs,0.00156604,ratio_v1,derived_from_golden_financials
DVN,2024,gross_margin,0.10733999,ratio_v1,derived_from_golden_financials
DVN,2024,net_margin,0.08477218,ratio_v1,derived_from_golden_financials
DVN,2024,roe_simple,0.13336287,ratio_v1,derived_from_golden_financials
DVN,2024,asset_turnover,0.85536945,ratio_v1,derived_from_golden_financials
DVN,2024,current_ratio,1.4972846,ratio_v1,derived_from_golden_financials
DVN,2024,debt_to_equity,0.35263048,ratio_v1,derived_from_golden_financials
DVN,2024,net_debt_to_equity,0.05497933,ratio_v1,derived_from_golden_financials
DVN,2024,cfo_margin,-0.02454172,ratio_v1,derived_from_golden_financials
DVN,2024,capex_to_revenue_abs,0.00147773,ratio_v1,derived_from_golden_financials
DVN,2025,gross_margin,0.09798772,ratio_v1,derived_from_golden_financials
DVN,2025,net_margin,0.14007666,ratio_v1,derived_from_golden_financials
DVN,2025,roe_simple,0.1961509,ratio_v1,derived_from_golden_financials
DVN,2025,asset_turnover,0.73774792,ratio_v1,derived_from_golden_financials
DVN,2025,current_ratio,1.31226162,ratio_v1,derived_from_golden_financials
DVN,2025,debt_to_equity,0.40121282,ratio_v1,derived_from_golden_financials
DVN,2025,net_debt_to_equity,0.21880553,ratio_v1,derived_from_golden_financials
DVN,2025,cfo_margin,-0.04531928,ratio_v1,derived_from_golden_financials
DVN,2025,capex_to_revenue_abs,0.00265663,ratio_v1,derived_from_golden_financials
IMP,2022,gross_margin,0.42425776,ratio_v1,derived_from_golden_financials
IMP,2022,net_margin,0.13599771,ratio_v1,derived_from_golden_financials
IMP,2022,roe_simple,0.11799767,ratio_v1,derived_from_golden_financials
IMP,2022,asset_turnover,0.72189163,ratio_v1,derived_from_golden_financials
IMP,2022,current_ratio,2.88513071,ratio_v1,derived_from_golden_financials
IMP,2022,debt_to_equity,0.05013601,ratio_v1,derived_from_golden_financials
IMP,2022,net_debt_to_equity,-0.15580541,ratio_v1,derived_from_golden_financials
IMP,2022,cfo_margin,0.23033516,ratio_v1,derived_from_golden_financials
IMP,2022,capex_to_revenue_abs,0.0604446,ratio_v1,derived_from_golden_financials
IMP,2023,gross_margin,0.4064798,ratio_v1,derived_from_golden_financials
IMP,2023,net_margin,0.15022591,ratio_v1,derived_from_golden_financials
IMP,2023,roe_simple,0.14370097,ratio_v1,derived_from_golden_financials
IMP,2023,asset_turnover,0.83341314,ratio_v1,derived_from_golden_financials
IMP,2023,current_ratio,3.91880829,ratio_v1,derived_from_golden_financials
IMP,2023,debt_to_equity,0.0237083,ratio_v1,derived_from_golden_financials
IMP,2023,net_debt_to_equity,-0.07185084,ratio_v1,derived_from_golden_financials
IMP,2023,cfo_margin,-0.01982653,ratio_v1,derived_from_golden_financials
IMP,2023,capex_to_revenue_abs,0.03185981,ratio_v1,derived_from_golden_financials
IMP,2024,gross_margin,0.38798668,ratio_v1,derived_from_golden_financials
IMP,2024,net_margin,0.14550791,ratio_v1,derived_from_golden_financials
IMP,2024,roe_simple,0.14697429,ratio_v1,derived_from_golden_financials
IMP,2024,asset_turnover,0.88036589,ratio_v1,derived_from_golden_financials
IMP,2024,current_ratio,4.38212598,ratio_v1,derived_from_golden_financials
IMP,2024,debt_to_equity,0.03944891,ratio_v1,derived_from_golden_financials
IMP,2024,net_debt_to_equity,-0.09979375,ratio_v1,derived_from_golden_financials
IMP,2024,cfo_margin,0.09807519,ratio_v1,derived_from_golden_financials
IMP,2024,capex_to_revenue_abs,0.04388457,ratio_v1,derived_from_golden_financials
IMP,2025,gross_margin,0.41029457,ratio_v1,derived_from_golden_financials
IMP,2025,net_margin,0.14302573,ratio_v1,derived_from_golden_financials
IMP,2025,roe_simple,0.1513699,ratio_v1,derived_from_golden_financials
IMP,2025,asset_turnover,0.87725696,ratio_v1,derived_from_golden_financials
IMP,2025,current_ratio,4.0474773,ratio_v1,derived_from_golden_financials
IMP,2025,debt_to_equity,0.09225111,ratio_v1,derived_from_golden_financials
IMP,2025,net_debt_to_equity,-0.08173183,ratio_v1,derived_from_golden_financials
IMP,2025,cfo_margin,0.02219145,ratio_v1,derived_from_golden_financials
IMP,2025,capex_to_revenue_abs,0.01101106,ratio_v1,derived_from_golden_financials
MED,2022,gross_margin,0.19552689,ratio_v1,derived_from_golden_financials
MED,2022,net_margin,0.0150152,ratio_v1,derived_from_golden_financials
MED,2022,roe_simple,0.01872134,ratio_v1,derived_from_golden_financials
MED,2022,asset_turnover,0.57466504,ratio_v1,derived_from_golden_financials
MED,2022,current_ratio,1.21339299,ratio_v1,derived_from_golden_financials
MED,2022,debt_to_equity,0.282398,ratio_v1,derived_from_golden_financials
MED,2022,net_debt_to_equity,-0.25725421,ratio_v1,derived_from_golden_financials
MED,2022,cfo_margin,-0.02142126,ratio_v1,derived_from_golden_financials
MED,2022,capex_to_revenue_abs,0.20817155,ratio_v1,derived_from_golden_financials
MED,2023,gross_margin,0.20628134,ratio_v1,derived_from_golden_financials
MED,2023,net_margin,0.0291599,ratio_v1,derived_from_golden_financials
MED,2023,roe_simple,0.03589246,ratio_v1,derived_from_golden_financials
MED,2023,asset_turnover,0.72534256,ratio_v1,derived_from_golden_financials
MED,2023,current_ratio,1.31932964,ratio_v1,derived_from_golden_financials
MED,2023,debt_to_equity,0.19701637,ratio_v1,derived_from_golden_financials
MED,2023,net_debt_to_equity,0.00284105,ratio_v1,derived_from_golden_financials
MED,2023,cfo_margin,-0.10902332,ratio_v1,derived_from_golden_financials
MED,2023,capex_to_revenue_abs,0.10079394,ratio_v1,derived_from_golden_financials
MED,2024,gross_margin,0.20887816,ratio_v1,derived_from_golden_financials
MED,2024,net_margin,0.03440653,ratio_v1,derived_from_golden_financials
MED,2024,roe_simple,0.04608179,ratio_v1,derived_from_golden_financials
MED,2024,asset_turnover,0.87966504,ratio_v1,derived_from_golden_financials
MED,2024,current_ratio,1.46380793,ratio_v1,derived_from_golden_financials
MED,2024,debt_to_equity,0.08398226,ratio_v1,derived_from_golden_financials
MED,2024,net_debt_to_equity,-0.08107398,ratio_v1,derived_from_golden_financials
MED,2024,cfo_margin,0.10753533,ratio_v1,derived_from_golden_financials
MED,2024,capex_to_revenue_abs,0.02251952,ratio_v1,derived_from_golden_financials
MED,2025,gross_margin,0.23386059,ratio_v1,derived_from_golden_financials
MED,2025,net_margin,0.04316292,ratio_v1,derived_from_golden_financials
MED,2025,roe_simple,0.04779019,ratio_v1,derived_from_golden_financials
MED,2025,asset_turnover,0.80213361,ratio_v1,derived_from_golden_financials
MED,2025,current_ratio,1.62661174,ratio_v1,derived_from_golden_financials
MED,2025,debt_to_equity,0.10236239,ratio_v1,derived_from_golden_financials
MED,2025,net_debt_to_equity,0.0084896,ratio_v1,derived_from_golden_financials
MED,2025,cfo_margin,-0.01465792,ratio_v1,derived_from_golden_financials
MED,2025,capex_to_revenue_abs,0.02662453,ratio_v1,derived_from_golden_financials
OPC,2022,gross_margin,0.41383146,ratio_v1,derived_from_golden_financials
OPC,2022,net_margin,0.12153673,ratio_v1,derived_from_golden_financials
OPC,2022,roe_simple,0.16330273,ratio_v1,derived_from_golden_financials
OPC,2022,asset_turnover,0.94013068,ratio_v1,derived_from_golden_financials
OPC,2022,current_ratio,2.47063127,ratio_v1,derived_from_golden_financials
OPC,2022,debt_to_equity,0.0,ratio_v1,derived_from_golden_financials
OPC,2022,net_debt_to_equity,-0.36143537,ratio_v1,derived_from_golden_financials
OPC,2022,cfo_margin,0.03080179,ratio_v1,derived_from_golden_financials
OPC,2022,capex_to_revenue_abs,0.0063156,ratio_v1,derived_from_golden_financials
OPC,2023,gross_margin,0.42501166,ratio_v1,derived_from_golden_financials
OPC,2023,net_margin,0.12172395,ratio_v1,derived_from_golden_financials
OPC,2023,roe_simple,0.13834407,ratio_v1,derived_from_golden_financials
OPC,2023,asset_turnover,0.79700992,ratio_v1,derived_from_golden_financials
OPC,2023,current_ratio,2.49543694,ratio_v1,derived_from_golden_financials
OPC,2023,debt_to_equity,0.0,ratio_v1,derived_from_golden_financials
OPC,2023,net_debt_to_equity,-0.36318213,ratio_v1,derived_from_golden_financials
OPC,2023,cfo_margin,0.25411708,ratio_v1,derived_from_golden_financials
OPC,2023,capex_to_revenue_abs,0.01198386,ratio_v1,derived_from_golden_financials
OPC,2024,gross_margin,0.41588524,ratio_v1,derived_from_golden_financials
OPC,2024,net_margin,0.11300502,ratio_v1,derived_from_golden_financials
OPC,2024,roe_simple,0.12483081,ratio_v1,derived_from_golden_financials
OPC,2024,asset_turnover,0.79289299,ratio_v1,derived_from_golden_financials
OPC,2024,current_ratio,2.65858004,ratio_v1,derived_from_golden_financials
OPC,2024,debt_to_equity,0.0,ratio_v1,derived_from_golden_financials
OPC,2024,net_debt_to_equity,-0.28131599,ratio_v1,derived_from_golden_financials
OPC,2024,cfo_margin,0.02449459,ratio_v1,derived_from_golden_financials
OPC,2024,capex_to_revenue_abs,0.01195352,ratio_v1,derived_from_golden_financials
OPC,2025,gross_margin,0.41402418,ratio_v1,derived_from_golden_financials
OPC,2025,net_margin,0.10367018,ratio_v1,derived_from_golden_financials
OPC,2025,roe_simple,0.11934326,ratio_v1,derived_from_golden_financials
OPC,2025,asset_turnover,0.81868572,ratio_v1,derived_from_golden_financials
OPC,2025,current_ratio,2.71840934,ratio_v1,derived_from_golden_financials
OPC,2025,debt_to_equity,0.0,ratio_v1,derived_from_golden_financials
OPC,2025,net_debt_to_equity,-0.32638869,ratio_v1,derived_from_golden_financials
OPC,2025,cfo_margin,0.05336521,ratio_v1,derived_from_golden_financials
OPC,2025,capex_to_revenue_abs,0.01625429,ratio_v1,derived_from_golden_financials
PMC,2022,gross_margin,0.39459313,ratio_v1,derived_from_golden_financials
PMC,2022,net_margin,0.17662741,ratio_v1,derived_from_golden_financials
PMC,2022,roe_simple,0.19499757,ratio_v1,derived_from_golden_financials
PMC,2022,asset_turnover,0.95577913,ratio_v1,derived_from_golden_financials
PMC,2022,current_ratio,6.64949154,ratio_v1,derived_from_golden_financials
PMC,2022,debt_to_equity,0.0,ratio_v1,derived_from_golden_financials
PMC,2022,net_debt_to_equity,-0.68622216,ratio_v1,derived_from_golden_financials
PMC,2022,cfo_margin,0.07833004,ratio_v1,derived_from_golden_financials
PMC,2022,capex_to_revenue_abs,0.01126098,ratio_v1,derived_from_golden_financials
PMC,2023,gross_margin,0.35048951,ratio_v1,derived_from_golden_financials
PMC,2023,net_margin,0.17223163,ratio_v1,derived_from_golden_financials
PMC,2023,roe_simple,0.24348834,ratio_v1,derived_from_golden_financials
PMC,2023,asset_turnover,1.13793458,ratio_v1,derived_from_golden_financials
PMC,2023,current_ratio,4.55736333,ratio_v1,derived_from_golden_financials
PMC,2023,debt_to_equity,0.0,ratio_v1,derived_from_golden_financials
PMC,2023,net_debt_to_equity,-0.76414523,ratio_v1,derived_from_golden_financials
PMC,2023,cfo_margin,0.19516211,ratio_v1,derived_from_golden_financials
PMC,2023,capex_to_revenue_abs,0.01651396,ratio_v1,derived_from_golden_financials
PMC,2024,gross_margin,0.375791,ratio_v1,derived_from_golden_financials
PMC,2024,net_margin,0.1608503,ratio_v1,derived_from_golden_financials
PMC,2024,roe_simple,0.27669176,ratio_v1,derived_from_golden_financials
PMC,2024,asset_turnover,1.32552686,ratio_v1,derived_from_golden_financials
PMC,2024,current_ratio,3.89013054,ratio_v1,derived_from_golden_financials
PMC,2024,debt_to_equity,0.0,ratio_v1,derived_from_golden_financials
PMC,2024,net_debt_to_equity,-0.69432356,ratio_v1,derived_from_golden_financials
PMC,2024,cfo_margin,0.1083556,ratio_v1,derived_from_golden_financials
PMC,2024,capex_to_revenue_abs,0.02961596,ratio_v1,derived_from_golden_financials
PMC,2025,gross_margin,0.40836699,ratio_v1,derived_from_golden_financials
PMC,2025,net_margin,0.15058539,ratio_v1,derived_from_golden_financials
PMC,2025,roe_simple,0.34171938,ratio_v1,derived_from_golden_financials
PMC,2025,asset_turnover,1.58230586,ratio_v1,derived_from_golden_financials
PMC,2025,current_ratio,2.09982054,ratio_v1,derived_from_golden_financials
PMC,2025,debt_to_equity,0.00075151,ratio_v1,derived_from_golden_financials
PMC,2025,net_debt_to_equity,-0.16974131,ratio_v1,derived_from_golden_financials
PMC,2025,cfo_margin,0.03788958,ratio_v1,derived_from_golden_financials
PMC,2025,capex_to_revenue_abs,0.14571115,ratio_v1,derived_from_golden_financials
TRA,2022,gross_margin,0.55991784,ratio_v1,derived_from_golden_financials
TRA,2022,net_margin,0.12235328,ratio_v1,derived_from_golden_financials
TRA,2022,roe_simple,0.21260627,ratio_v1,derived_from_golden_financials
TRA,2022,asset_turnover,1.32079731,ratio_v1,derived_from_golden_financials
TRA,2022,current_ratio,2.81496772,ratio_v1,derived_from_golden_financials
TRA,2022,debt_to_equity,0.02897377,ratio_v1,derived_from_golden_financials
TRA,2022,net_debt_to_equity,-0.33346253,ratio_v1,derived_from_golden_financials
TRA,2022,cfo_margin,0.10323687,ratio_v1,derived_from_golden_financials
TRA,2022,capex_to_revenue_abs,0.02446866,ratio_v1,derived_from_golden_financials
TRA,2023,gross_margin,0.54145571,ratio_v1,derived_from_golden_financials
TRA,2023,net_margin,0.12407121,ratio_v1,derived_from_golden_financials
TRA,2023,roe_simple,0.19157718,ratio_v1,derived_from_golden_financials
TRA,2023,asset_turnover,1.08255321,ratio_v1,derived_from_golden_financials
TRA,2023,current_ratio,2.41081278,ratio_v1,derived_from_golden_financials
TRA,2023,debt_to_equity,0.1128016,ratio_v1,derived_from_golden_financials
TRA,2023,net_debt_to_equity,-0.41243999,ratio_v1,derived_from_golden_financials
TRA,2023,cfo_margin,0.12524804,ratio_v1,derived_from_golden_financials
TRA,2023,capex_to_revenue_abs,0.04372307,ratio_v1,derived_from_golden_financials
TRA,2024,gross_margin,0.52677443,ratio_v1,derived_from_golden_financials
TRA,2024,net_margin,0.1096437,ratio_v1,derived_from_golden_financials
TRA,2024,roe_simple,0.16791157,ratio_v1,derived_from_golden_financials
TRA,2024,asset_turnover,1.08221185,ratio_v1,derived_from_golden_financials
TRA,2024,current_ratio,2.50550721,ratio_v1,derived_from_golden_financials
TRA,2024,debt_to_equity,0.12390463,ratio_v1,derived_from_golden_financials
TRA,2024,net_debt_to_equity,-0.35243331,ratio_v1,derived_from_golden_financials
TRA,2024,cfo_margin,0.06804528,ratio_v1,derived_from_golden_financials
TRA,2024,capex_to_revenue_abs,0.03692506,ratio_v1,derived_from_golden_financials
TRA,2025,gross_margin,0.53588014,ratio_v1,derived_from_golden_financials
TRA,2025,net_margin,0.10475878,ratio_v1,derived_from_golden_financials
TRA,2025,roe_simple,0.16507642,ratio_v1,derived_from_golden_financials
TRA,2025,asset_turnover,1.14406574,ratio_v1,derived_from_golden_financials
TRA,2025,current_ratio,2.75524385,ratio_v1,derived_from_golden_financials
TRA,2025,debt_to_equity,0.08074526,ratio_v1,derived_from_golden_financials
TRA,2025,net_debt_to_equity,-0.33760845,ratio_v1,derived_from_golden_financials
TRA,2025,cfo_margin,0.10648958,ratio_v1,derived_from_golden_financials
TRA,2025,capex_to_revenue_abs,0.04120371,ratio_v1,derived_from_golden_financials
TW3,2022,gross_margin,0.12763053,ratio_v1,derived_from_golden_financials
TW3,2022,net_margin,0.00992109,ratio_v1,derived_from_golden_financials
TW3,2022,roe_simple,0.11490645,ratio_v1,derived_from_golden_financials
TW3,2022,asset_turnover,1.38739114,ratio_v1,derived_from_golden_financials
TW3,2022,current_ratio,1.06189912,ratio_v1,derived_from_golden_financials
TW3,2022,debt_to_equity,1.0054962,ratio_v1,derived_from_golden_financials
TW3,2022,net_debt_to_equity,0.40852507,ratio_v1,derived_from_golden_financials
TW3,2022,cfo_margin,-0.00152021,ratio_v1,derived_from_golden_financials
TW3,2022,capex_to_revenue_abs,0.01225123,ratio_v1,derived_from_golden_financials
TW3,2023,gross_margin,0.11411471,ratio_v1,derived_from_golden_financials
TW3,2023,net_margin,0.00945884,ratio_v1,derived_from_golden_financials
TW3,2023,roe_simple,0.10996303,ratio_v1,derived_from_golden_financials
TW3,2023,asset_turnover,1.65446465,ratio_v1,derived_from_golden_financials
TW3,2023,current_ratio,1.08807043,ratio_v1,derived_from_golden_financials
TW3,2023,debt_to_equity,1.35958832,ratio_v1,derived_from_golden_financials
TW3,2023,net_debt_to_equity,0.58088978,ratio_v1,derived_from_golden_financials
TW3,2023,cfo_margin,-0.01280415,ratio_v1,derived_from_golden_financials
TW3,2023,capex_to_revenue_abs,0.00411604,ratio_v1,derived_from_golden_financials
TW3,2024,gross_margin,0.15734214,ratio_v1,derived_from_golden_financials
TW3,2024,net_margin,0.01829254,ratio_v1,derived_from_golden_financials
TW3,2024,roe_simple,0.14072388,ratio_v1,derived_from_golden_financials
TW3,2024,asset_turnover,1.46724327,ratio_v1,derived_from_golden_financials
TW3,2024,current_ratio,1.12824029,ratio_v1,derived_from_golden_financials
TW3,2024,debt_to_equity,0.61807223,ratio_v1,derived_from_golden_financials
TW3,2024,net_debt_to_equity,0.47172211,ratio_v1,derived_from_golden_financials
TW3,2024,cfo_margin,0.02037369,ratio_v1,derived_from_golden_financials
TW3,2024,capex_to_revenue_abs,0.01056848,ratio_v1,derived_from_golden_financials
TW3,2025,gross_margin,0.19741754,ratio_v1,derived_from_golden_financials
TW3,2025,net_margin,0.01767092,ratio_v1,derived_from_golden_financials
TW3,2025,roe_simple,0.11054085,ratio_v1,derived_from_golden_financials
TW3,2025,asset_turnover,1.90312128,ratio_v1,derived_from_golden_financials
TW3,2025,current_ratio,1.23505579,ratio_v1,derived_from_golden_financials
TW3,2025,debt_to_equity,0.41216368,ratio_v1,derived_from_golden_financials
TW3,2025,net_debt_to_equity,0.25137418,ratio_v1,derived_from_golden_financials
TW3,2025,cfo_margin,0.05414505,ratio_v1,derived_from_golden_financials
TW3,2025,capex_to_revenue_abs,0.01397897,ratio_v1,derived_from_golden_financials
